{"schemaVersion":"1.0","appDefinitionTemplate":{"id":"/providers/Microsoft.PowerApps/apps/","type":"Microsoft.PowerApps/apps","tags":{"primaryDeviceWidth":"1366","primaryDeviceHeight":"768","sienaVersion":"20211001T013920Z-3.21092.24.0","deviceCapabilities":"","supportsPortrait":"true","supportsLandscape":"true","primaryFormFactor":"Tablet","publisherVersion":"3.21092.24","minimumRequiredApiVersion":"2.2.0","hasComponent":"false","hasUnlockedComponent":"false","isUnifiedRootApp":"false"},"properties":{"appVersion":"2021-10-01T01:39:20Z","lifeCycleId":"Published","createdByClientVersion":{"major":3,"minor":21092,"build":24,"revision":0,"majorRevision":0,"minorRevision":0},"minClientVersion":{"major":3,"minor":21092,"build":24,"revision":0,"majorRevision":0,"minorRevision":0},"backgroundColor":"rgba(0, 176, 240, 1)","backgroundImageUri":"/15357261958740748669/N062a4241-d750-4f6e-9926-98216e35d797-logoSmallFile","displayName":"Desk Reservation System Video Demo","description":"","commitMessage":"","appUris":{"documentUri":{"value":"/15357261958740748669/N933d8900-f9a5-4a53-8f88-6e8ce2c969ee-document.msapp"},"imageUris":[]},"createdTime":"0001-01-01T00:00:00Z","lastModifiedTime":"0001-01-01T00:00:00Z","sharedGroupsCount":0,"sharedUsersCount":0,"icons":{"smallIconUri":"/15357261958740748669/N7bff4dc0-5409-46e7-b7aa-3aa233a66b58-small.png","mediumIconUri":"/15357261958740748669/Nc62219fa-d692-4d1e-b5e5-b0b694f6f11d-medium.png","largeIconUri":"/15357261958740748669/N67aa38fe-b3dd-4772-afb0-b48e9c003a25-large.png","wideIconUri":"/15357261958740748669/Nee523ab3-da41-4ac9-afc1-ebbc03dc6609-wide.png"},"connectionReferences":{"3c4c53e1-5272-4df6-a534-f0fd794f3508":{"id":"628d21cc-307d-4887-a1af-e38cbc1f4a47","displayName":"SharePoint","iconUri":"https://connectoricons-prod.azureedge.net/releases/v1.0.1518/1.0.1518.2564/sharepointonline/icon.png","dataSources":["OfficeInfo","OfficeBooking"],"dependencies":[],"dependents":[],"parameterHints":{},"parameterHintsV2":{},"isOnPremiseConnection":false,"bypassConsent":false,"dataSets":{"https://ltiblogs.sharepoint.com/sites/Development":{"dataSources":{"OfficeInfo":{"tableName":"046cb1b9-cf49-4061-bcc0-f5264a0db02b"},"OfficeBooking":{"tableName":"e981496d-f1c9-4452-92c1-045d0f9e6675"}}}},"apiTier":"Standard","isCustomApiConnection":false,"actions":["providers/PowerPlatform.Governance/Operations/Read","providers/PowerPlatform.Governance/Operations/Write","providers/PowerPlatform.Governance/Operations/Delete"]}},"databaseReferences":{},"almMode":"Environment","performanceOptimizationEnabled":true,"canConsumeAppPass":true,"executionRestrictions":{"isTeamsOnly":false,"dataLossPreventionEvaluationResult":{"status":"Compliant","lastEvaluationDate":"2021-09-11T03:33:29.3056016Z","violations":[],"violationsByPolicy":[],"violationErrorMessage":"The app uses the following connectors: shared_sharepointonline."}}},"appType":"ClassicCanvasApp","appComponents":[]}}